{"model":{"version":2,"nodes":[{"name":"RootNode","position":[0,0,0],"rotation":[0,0,0],"scale":[1,1,1]},{"name":"Sphere01","position":[0,0,0],"rotation":[-90,-0,0],"scale":[1,1,1]}],"parents":[-1,0],"skins":[],"vertices":[{"position":{"type":"float32","components":3,"data":[0,0,0.140325,0,0.106421,0.105747,-0.062553,0.086097,0.105747,-0.101213,0.032886,0.105747,-0.101213,-0.032886,0.105747,-0.062553,-0.086097,0.105747,0,-0.106421,0.105747,0.062553,-0.086097,0.105747,0.101213,-0.032886,0.105747,0.101213,0.032886,0.105747,0.101213,0.032886,0.105747,0.062553,0.086097,0.105747,0,0.172193,0.015219,-0.101213,0.139307,0.015219,-0.163766,0.053211,0.015219,-0.163766,-0.053211,0.015219,-0.101213,-0.139307,0.015219,0,-0.172193,0.015219,0.101213,-0.139307,0.015219,0.163766,-0.053211,0.015219,0.163766,0.053211,0.015219,0.163766,0.053211,0.015219,0.101213,0.139307,0.015219,0,0.172193,-0.096679,-0.101213,0.139307,-0.096679,-0.163766,0.053211,-0.096679,-0.163766,-0.053211,-0.096679,-0.101213,-0.139307,-0.096679,0,-0.172193,-0.096679,0.101213,-0.139307,-0.096679,0.163766,-0.053211,-0.096679,0.163766,0.053211,-0.096679,0.163766,0.053211,-0.096679,0.101213,0.139307,-0.096679,0,0.106421,-0.187206,-0.062553,0.086097,-0.187206,-0.101213,0.032886,-0.187206,-0.101213,-0.032886,-0.187206,-0.062553,-0.086097,-0.187206,0,-0.106421,-0.187206,0.062553,-0.086097,-0.187206,0.101213,-0.032886,-0.187206,0.101213,0.032886,-0.187206,0.101213,0.032886,-0.187206,0.062553,0.086097,-0.187206,0,0,-0.221785,0.021338,0.021338,0.129174,0.021338,0.021338,0.151451,0.030176,0,0.151451,0.030176,0,0.12863,0,0.030176,0.129578,0,0.030176,0.151451,0.021338,0.021338,0.151451,0.021338,0.021338,0.129174,-0.021338,0.021338,0.129451,-0.021338,0.021338,0.151451,-0.030176,0,0.12887,-0.030176,0,0.151451,-0.021338,-0.021338,0.129451,-0.021338,-0.021338,0.151451,0,-0.030176,0.129578,0,-0.030176,0.151451,0.021337,-0.021338,0.129174,0.021337,-0.021338,0.151451,0.021338,0.021338,0.151451,0,0.030176,0.151451,-0.021338,0.021338,0.151451,0.021337,-0.021338,0.151451,-0.030176,0,0.151451,-0.021338,-0.021338,0.151451,0,-0.030176,0.151451,0.030176,0,0.151451,0,0.006035,0.150578,-0.005601,0.006035,0.173503,0.000435,0,0.173503,0.006035,0,0.150578,-0.006035,0,0.150578,-0.011636,0,0.173503,0,-0.006035,0.150578,-0.005601,-0.006035,0.173503,-0.006129,0.006035,0.197644,-9.4e-05,0,0.197644,-0.012164,0,0.197644,-0.006129,-0.006035,0.197644,0,0.006035,0.221785,0.006035,0,0.221785,-0.006035,0,0.221785,0,-0.006035,0.221785,-0.006035,0,0.221785,0,-0.006035,0.221785,0.006035,0,0.221785,0,0.006035,0.221785]},"normal":{"type":"float32","components":3,"data":[0,0,1,0,0.6252,0.7804,-0.3675,0.5058,0.7804,-0.5946,0.1932,0.7804,-0.5946,-0.1932,0.7804,-0.3675,-0.5058,0.7804,0,-0.6252,0.7804,0.3675,-0.5058,0.7804,0.5946,-0.1932,0.7804,0.5946,0.1932,0.7804,0.5946,0.1932,0.7804,0.3675,0.5058,0.7804,0,0.9563,0.2925,-0.5621,0.7736,0.2925,-0.9095,0.2955,0.2925,-0.9095,-0.2955,0.2925,-0.5621,-0.7736,0.2925,0,-0.9563,0.2925,0.5621,-0.7736,0.2925,0.9095,-0.2955,0.2925,0.9095,0.2955,0.2925,0.9095,0.2955,0.2925,0.5621,0.7736,0.2925,0,0.9563,-0.2925,-0.5621,0.7736,-0.2925,-0.9095,0.2955,-0.2925,-0.9095,-0.2955,-0.2925,-0.5621,-0.7736,-0.2925,0,-0.9563,-0.2925,0.5621,-0.7736,-0.2925,0.9095,-0.2955,-0.2925,0.9095,0.2955,-0.2925,0.9095,0.2955,-0.2925,0.5621,0.7736,-0.2925,0,0.6252,-0.7804,-0.3675,0.5058,-0.7804,-0.5946,0.1932,-0.7804,-0.5946,-0.1932,-0.7804,-0.3675,-0.5058,-0.7804,0,-0.6252,-0.7804,0.3675,-0.5058,-0.7804,0.5946,-0.1932,-0.7804,0.5946,0.1932,-0.7804,0.5946,0.1932,-0.7804,0.3675,0.5058,-0.7804,0,0,-1,0.7109,0.7033,0,0.7071,0.7071,0,1,0,0,1,0,0,0.0016,1,0,0,1,0,0.7071,0.7071,0,0.7109,0.7033,0,-0.7099,0.7043,0,-0.7071,0.7071,0,-1,0,0,-1,0,0,-0.7099,-0.7043,0,-0.7071,-0.7071,0,0.0016,-1,0,0,-1,0,0.7109,-0.7033,0,0.7071,-0.7071,0,0,0,1,0,0,1,0,0,1,0,0,1,0,0,1,0,0,1,0,0,1,0,0,1,0.1067,0.994,0.0261,-0.0483,0.9988,-0.0129,0.9905,0,0.1372,0.9714,0,0.2373,-0.9714,0,-0.2373,-0.9922,0,-0.1245,0.1067,-0.994,0.0261,-0.0483,-0.9988,-0.0129,-0.0601,0.9981,0.0139,0.9927,0,-0.1206,-0.9943,0,0.1069,-0.0601,-0.9981,0.0139,0.1106,0.9935,-0.0281,0.9692,0,-0.2461,-0.9692,0,0.2461,0.1106,-0.9935,-0.0281,0,0,1,0,0,1,0,0,1,0,0,1]},"texCoord0":{"type":"float32","components":2,"data":[0.5487,0.0102,0.7746,0.0806,0.6808,0.0806,0.5918,0.0806,0.5056,0.0806,0.4166,0.0806,0.3228,0.0806,0.229,0.0806,0.14,0.0806,0.0538,0.0806,0.9573,0.0806,0.8684,0.0806,0.7746,0.265,0.6808,0.265,0.5918,0.265,0.5056,0.265,0.4166,0.265,0.3228,0.265,0.229,0.265,0.14,0.265,0.0538,0.265,0.9573,0.265,0.8684,0.265,0.7746,0.4929,0.6808,0.4929,0.5918,0.4929,0.5056,0.4929,0.4166,0.4929,0.3228,0.4929,0.229,0.4929,0.14,0.4929,0.0538,0.4929,0.9573,0.4929,0.8684,0.4929,0.7746,0.6773,0.6808,0.6773,0.5918,0.6773,0.5056,0.6773,0.4166,0.6773,0.3228,0.6773,0.229,0.6773,0.14,0.6773,0.0538,0.6773,0.9573,0.6773,0.8684,0.6773,0.5487,0.7478,0.0104,0.9858,0.0104,0.9366,0.1288,0.9366,0.1288,0.987,0.8629,0.9849,0.8629,0.9366,0.9892,0.9366,0.9892,0.9858,0.7367,0.9851,0.7367,0.9366,0.6182,0.9864,0.6182,0.9366,0.4998,0.9851,0.4998,0.9366,0.3735,0.9849,0.3735,0.9366,0.2473,0.9858,0.2473,0.9366,0.8262,0.7699,0.8873,0.7458,0.9483,0.7699,0.8262,0.8861,0.9736,0.828,0.9483,0.8861,0.8873,0.9102,0.8009,0.828,0.0128,0.8637,0.1054,0.8637,0.1054,0.7302,0.0128,0.7302,0.0128,0.921,0.1054,0.9209,0.0128,0.7874,0.1054,0.7874,0.2029,0.8638,0.2029,0.7303,0.2029,0.921,0.2029,0.7875,0.3004,0.8644,0.3004,0.7309,0.3004,0.9216,0.3004,0.7881,0.6833,0.7584,0.7546,0.8298,0.6833,0.9012,0.6119,0.8298]}}],"meshes":[{"aabb":{"min":[-0.163766,-0.172193,-0.221785],"max":[0.163766,0.172193,0.221785]},"vertices":0,"indices":[0,1,2,0,2,3,0,3,4,0,4,5,0,5,6,0,6,7,0,7,8,0,8,9,0,10,11,0,11,1,2,1,12,12,13,2,3,2,13,13,14,3,4,3,14,14,15,4,5,4,15,15,16,5,6,5,16,16,17,6,7,6,17,17,18,7,8,7,18,18,19,8,9,8,19,19,20,9,11,10,21,21,22,11,1,11,22,22,12,1,13,12,23,23,24,13,14,13,24,24,25,14,15,14,25,25,26,15,16,15,26,26,27,16,17,16,27,27,28,17,18,17,28,28,29,18,19,18,29,29,30,19,20,19,30,30,31,20,22,21,32,32,33,22,12,22,33,33,23,12,24,23,34,34,35,24,25,24,35,35,36,25,26,25,36,36,37,26,27,26,37,37,38,27,28,27,38,38,39,28,29,28,39,39,40,29,30,29,40,40,41,30,31,30,41,41,42,31,33,32,43,43,44,33,23,33,44,44,34,23,45,35,34,45,36,35,45,37,36,45,38,37,45,39,38,45,40,39,45,41,40,45,42,41,45,44,43,45,34,44,46,47,48,48,49,46,50,51,52,52,53,50,54,55,51,51,50,54,54,56,57,57,55,54,58,59,57,57,56,58,60,61,59,59,58,60,60,62,63,63,61,60,62,49,48,48,63,62,64,65,66,66,67,64,66,68,69,69,67,66,69,70,67,71,64,67,72,73,74,74,75,72,76,77,73,73,72,76,76,78,79,79,77,76,78,75,74,74,79,78,73,80,81,81,74,73,77,82,80,80,73,77,77,79,83,83,82,77,79,74,81,81,83,79,81,80,84,84,85,81,80,82,86,86,84,80,83,87,86,86,82,83,81,85,87,87,83,81,88,89,90,90,91,88],"type":"triangles","base":0,"count":384}],"meshInstances":[{"node":1,"mesh":0}]}}